LOCUS,GENE,CHR,BP,SNP,FRQ,P,N,A2,A1,Z
22,SORL1,11,121435587,rs11218343,0.040000000000000036,1.33e-13,1125100,C,T,-6.850682601249223
1,AGRN,1,985377,rs113020870,0.0041,3.83e-8,776379,T,C,4.189752663097664
3,NCK2,2,106235428,rs115186657,0.0035,1.33e-8,727537,C,A,4.125207908262468
26,APH1B,15,63569902,rs117618017,0.13,7e-12,889854,T,C,6.436907113467421
32,ABCA7,19,1050874,rs12151021,0.31999999999999995,2.81e-15,1082434,A,G,7.029422113173065
24,RIN3,14,92938855,rs12590654,0.32999999999999996,6.63e-17,1116967,A,G,-8.081067667233047
35,CD33,19,51737991,rs1354106,0.37,2.21e-10,716038,G,T,-6.3458547228238125
15,CLU,8,27466315,rs1532278,0.61,1.57e-22,1126563,C,T,9.19201794562326
20,MS4A4A,11,60021948,rs1582763,0.38,3.4e-33,1125804,A,G,-10.981413047366509
36,LILRB2,19,54825174,rs1761461,0.49,1.56e-9,1116336,C,A,4.749913613017704
9,HLA-DRB1,6,32583813,rs1846190,0.3,2.66e-14,754040,A,G,-7.613888004520717
10,TREM2,6,40942196,rs187370608,0.0030000000000000027,1.26e-25,791668,A,G,10.215518979686149
38,APP,21,27520931,rs2154482,0.44,7.66e-10,1124606,T,G,-5.049595537875907
34,NTN5,19,49213504,rs2452170,0.53,1.72e-8,1088626,A,G,4.572565182618289
30,TSPOAP1-AS1,17,56409089,rs2632516,0.45999999999999996,7.46e-10,1082451,C,G,-4.544480575983799
29,ABI3,17,47450775,rs28394864,0.45999999999999996,4.9e-10,1084218,A,G,6.291627959230192
19,MADD/SPI1,11,47380340,rs3740688,0.54,8.78e-9,1123185,T,G,6.417166211830368
14,EPHA1-AS1,7,143104331,rs3935067,0.38,4.69e-11,1117025,C,G,6.521782032703415
33,APOE,19,45411941,rs429358,0.16000000000000003,1e-300,1126190,C,T,Inf
6,CLNK,4,11014822,rs4504245,0.20999999999999996,5.23e-12,1080458,A,G,7.224240176136404
4,BIN1,2,127891427,rs4663105,0.41,3.92e-58,1078540,C,A,15.605067176571833
12,TMEM106B,7,12268758,rs5011436,0.41,2.7e-9,1123678,C,A,-5.431962130138281
21,PICALM,11,85800279,rs561655,0.65,1.24e-26,1126563,A,G,10.247011797921145
25,ADAM10,15,59057023,rs602602,0.30000000000000004,6.22e-15,1124268,A,T,-6.536310039407265
37,CASS4,20,54995699,rs6069737,0.083,6.73e-16,1087703,T,C,-7.599891392490293
16,SHARPIN,8,145108151,rs61732533,0.050000000000000044,3.14e-9,1122653,A,G,4.988471050034819
31,ACE,17,61545779,rs6504163,0.39,1.23e-9,1083145,C,T,-5.613933210035297
2,CR1,1,207750568,rs679515,0.82,2.42e-25,762176,C,T,-10.40231982596572
8,HAVCR2,5,156526331,rs6891966,0.22999999999999998,7.91e-10,1089230,A,G,-5.012974411866749
28,GRN,17,42442344,rs708382,0.39,1.98e-9,1125622,C,T,4.9331255892538985
23,FERMT2,14,53298853,rs7146179,0.10999999999999999,6.99e-11,1089904,A,G,6.039117335706876
27,SCIMP/RABEP1,17,4969940,rs7209200,0.33,3.18e-8,1125637,T,C,5.535055275714841
13,ZCWPW1/NYAP1,7,99932049,rs7384878,0.31000000000000005,9.41e-16,1084138,C,T,-7.373837673318129
5,INPPD5,2,234082577,rs7597763,0.45,4.65e-9,819541,C,A,5.622036669936818
18,CCDC6,10,61738152,rs7902657,0.54,3.68e-8,1126388,T,G,5.503421714812333
17,USP6NL/ECHDC3,10,11718713,rs7912495,0.46,7.68e-15,1120367,G,A,6.534127243189176
7,TNIP1,5,150432388,rs871269,0.32,1.37e-9,1089904,T,C,-5.56568609579809
11,CD2AP,6,47552180,rs9369716,0.27,1.7e-17,1052285,T,A,6.6717631134133955
