SNP,CHR,BP,A1,A2,LOCUS,GENE,FRQ,P,N,Z,BETA,OR
rs113020870,1,985377,C,T,1,AGRN,0.0041,3.83e-8,776379,4.189752663097664,0.05261769191213753,1.0540266051855671
rs679515,1,207750568,T,C,2,CR1,0.82,2.42e-25,762176,-10.40231982596572,-0.02192873424173536,0.9783099525675323
rs115186657,2,106235428,A,C,3,NCK2,0.0035,1.33e-8,727537,4.125207908262468,0.057906264342721656,1.0596156672840173
rs4663105,2,127891427,A,C,4,BIN1,0.41,3.92e-58,1078540,15.605067176571833,0.02160058729342704,1.0218355688423868
rs7597763,2,234082577,A,C,5,INPPD5,0.45,4.65e-9,819541,5.622036669936818,0.008826679495842827,1.0088657494995001
rs4504245,4,11014822,G,A,6,CLNK,0.20999999999999996,5.23e-12,1080458,7.224240176136404,0.01206533963893962,1.0121384194644643
rs871269,5,150432388,C,T,7,TNIP1,0.32,1.37e-9,1089904,-5.56568609579809,-0.008081164928012563,0.9919513999056452
rs6891966,5,156526331,G,A,8,HAVCR2,0.22999999999999998,7.91e-10,1089230,-5.012974411866749,-0.008070610765993719,0.9919618691766817
rs1846190,6,32583813,G,A,9,HLA-DRB1,0.3,2.66e-14,754040,-7.613888004520717,-0.013529070282526097,0.9865620362637423
rs187370608,6,40942196,G,A,10,TREM2,0.0030000000000000027,1.26e-25,791668,10.215518979686149,0.1484352550704527,1.1600176900794141
rs9369716,6,47552180,A,T,11,CD2AP,0.27,1.7e-17,1052285,6.6717631134133955,0.010358728078718892,1.0104125654373621
rs5011436,7,12268758,A,C,12,TMEM106B,0.41,2.7e-9,1123678,-5.431962130138281,-0.0073671101035978695,0.9926599605337938
rs7384878,7,99932049,T,C,13,ZCWPW1/NYAP1,0.31000000000000005,9.41e-16,1084138,-7.373837673318129,-0.010827295973444374,0.9892311082190612
rs3935067,7,143104331,G,C,14,EPHA1-AS1,0.38,4.69e-11,1117025,6.521782032703415,0.008989259634608705,1.0090297843670943
rs1532278,8,27466315,T,C,15,CLU,0.61,1.57e-22,1126563,9.19201794562326,0.012554650215003613,1.0126337906828533
rs61732533,8,145108151,G,A,16,SHARPIN,0.050000000000000044,3.14e-9,1122653,4.988471050034819,0.015274889235222596,1.0153921466262785
rs7912495,10,11718713,A,G,17,USP6NL/ECHDC3,0.46,7.68e-15,1120367,6.534127243189176,0.008758069049400035,1.0087965331445357
rs7902657,10,61738152,G,T,18,CCDC6,0.54,3.68e-8,1126388,5.503421714812333,0.007356854267406189,1.007383982404875
rs3740688,11,47380340,G,T,19,MADD/SPI1,0.54,8.78e-9,1123185,6.417166211830368,0.00859050877666307,1.0086275130832252
rs1582763,11,60021948,G,A,20,MS4A4A,0.38,3.4e-33,1125804,-10.981413047366509,-0.01507651394920821,0.9850365676816899
rs561655,11,85800279,G,A,21,PICALM,0.65,1.24e-26,1126563,10.247011797921145,0.014311776910514142,1.0144146807157401
rs11218343,11,121435587,T,C,22,SORL1,0.040000000000000036,1.33e-13,1125100,-6.850682601249223,-0.023304973667856686,0.9769644898915952
rs7146179,14,53298853,G,A,23,FERMT2,0.10999999999999999,6.99e-11,1089904,6.039117335706876,0.013072713236337307,1.0131585347174628
rs12590654,14,92938855,G,A,24,RIN3,0.32999999999999996,6.63e-17,1116967,-8.081067667233047,-0.011498111290540255,0.9885677393633907
rs602602,15,59057023,T,A,25,ADAM10,0.30000000000000004,6.22e-15,1124268,-6.536310039407265,-0.009511846266226191,0.9905332482528327
rs117618017,15,63569902,C,T,26,APH1B,0.13,7e-12,889854,6.436907113467421,0.014347011707930414,1.014450424041212
rs7209200,17,4969940,C,T,27,SCIMP/RABEP1,0.33,3.18e-8,1125637,5.535055275714841,0.007845262925542804,1.0078761176357205
rs708382,17,42442344,T,C,28,GRN,0.39,1.98e-9,1125622,4.9331255892538985,0.006740761669076027,1.0067635317367964
rs28394864,17,47450775,G,A,29,ABI3,0.45999999999999996,4.9e-10,1084218,6.291627959230192,0.008572470627474809,1.0086093194737589
rs2632516,17,56409089,G,C,30,TSPOAP1-AS1,0.45999999999999996,7.46e-10,1082451,-4.544480575983799,-0.006197052736299156,0.9938221093916703
rs6504163,17,61545779,T,C,31,ACE,0.39,1.23e-9,1083145,-5.613933210035297,-0.007819975721681699,0.9922105207428151
rs12151021,19,1050874,G,A,32,ABCA7,0.31999999999999995,2.81e-15,1082434,7.029422113173065,0.010241523238910609,1.0102941471342244
rs429358,19,45411941,T,C,33,APOE,0.16000000000000003,1e-300,1126190,500,0.8220839574863463,2.2752363963459876
rs2452170,19,49213504,G,A,34,NTN5,0.53,1.72e-8,1088626,4.572565182618289,0.006208897949228907,1.0062282131106977
rs1354106,19,51737991,T,G,35,CD33,0.37,2.21e-10,716038,-6.3458547228238125,-0.010983069795352166,0.9890770239100463
rs1761461,19,54825174,A,C,36,LILRB2,0.49,1.56e-9,1116336,4.749913613017704,0.006358954705397117,1.0063792157815241
rs6069737,20,54995699,C,T,37,CASS4,0.083,6.73e-16,1087703,-7.599891392490293,-0.01867677902544745,0.9814965512507897
rs2154482,21,27520931,G,T,38,APP,0.44,7.66e-10,1124606,-5.049595537875907,-0.00678291105829729,0.9932400409597634
